family_id,family_doi,url,endpoint_id,arm,population,week,threshold,construct,rate_percent,uncertainty,uncertainty_reason,denominator_n,estimate_type,missing_data,source_location,denominator_reason,source_access,supplementary_access,review_scope,registry_history,mean_change,numerator_n,source_doi,denominator_basis
SURPASS,10.1002/art.42852,https://acrjournals.onlinelibrary.wiley.com/doi/full/10.1002/art.42852,SEC150_le05,SEC150,"Adults with active radiographic axSpA, biologic-naive; hsCRP >=5 mg/L and/or syndesmophyte; excludes total ankylosis.",104,mSASSS change <=0.5,composite spinal mSASSS nonprogression,66.1,,not reported for this rate in inspected table/text,,reported multiply-imputed percentage,"multiple imputation; treatment-policy estimand, retrieved dropout data",Table2,Table2 n is baseline measurements; exact analysis denominator not independently explicit.,Full text inspected; see supplementary_access for narrower supplement coverage.,"[{""url"": ""https://acrjournals.onlinelibrary.wiley.com/doi/suppl/10.1002/art.42852/supinfo/art42852-sup-0002-supinfo.docx"", ""access"": ""inaccessible: web internal error; direct HTTP403""}]",Pivotal numerical inputs internally cross-checked; not every field independently re-extracted. No external review.,Not verified,,,,
SURPASS,10.1002/art.42852,https://acrjournals.onlinelibrary.wiley.com/doi/full/10.1002/art.42852,SEC150_le05_adjusted,SEC150,"Adults with active radiographic axSpA, biologic-naive; hsCRP >=5 mg/L and/or syndesmophyte; excludes total ankylosis.",104,mSASSS change <=0.5,composite spinal mSASSS nonprogression,66.6,"{""type"": ""95% CI"", ""lower"": 60.7, ""upper"": 72.5}",,,logistic-regression marginal standardized estimated percentage,multiple imputation,Table2,Table2 n is baseline measurements; exact analysis denominator not independently explicit.,Full text inspected; see supplementary_access for narrower supplement coverage.,"[{""url"": ""https://acrjournals.onlinelibrary.wiley.com/doi/suppl/10.1002/art.42852/supinfo/art42852-sup-0002-supinfo.docx"", ""access"": ""inaccessible: web internal error; direct HTTP403""}]",Pivotal numerical inputs internally cross-checked; not every field independently re-extracted. No external review.,Not verified,,,,
SURPASS,10.1002/art.42852,https://acrjournals.onlinelibrary.wiley.com/doi/full/10.1002/art.42852,SEC150_lt2,SEC150,"Adults with active radiographic axSpA, biologic-naive; hsCRP >=5 mg/L and/or syndesmophyte; excludes total ankylosis.",104,mSASSS change <2,composite spinal mSASSS nonprogression,85.5,,not reported for this rate in inspected table/text,,reported sensitivity percentage; exact estimator not specified,not explicitly specified for sensitivity result,Results: primary endpoint sensitivity paragraph,not explicitly supplied for this estimate in inspected material,Full text inspected; see supplementary_access for narrower supplement coverage.,"[{""url"": ""https://acrjournals.onlinelibrary.wiley.com/doi/suppl/10.1002/art.42852/supinfo/art42852-sup-0002-supinfo.docx"", ""access"": ""inaccessible: web internal error; direct HTTP403""}]",Pivotal numerical inputs internally cross-checked; not every field independently re-extracted. No external review.,Not verified,,,,
SURPASS,10.1002/art.42852,https://acrjournals.onlinelibrary.wiley.com/doi/full/10.1002/art.42852,SEC150_mean,SEC150,"Adults with active radiographic axSpA, biologic-naive; hsCRP >=5 mg/L and/or syndesmophyte; excludes total ankylosis.",104,continuous change,composite spinal mSASSS change,,"{""type"": ""SE"", ""value"": 0.18}",,,ANCOVA LS mean,multiple imputation,Table2,Table2 n is baseline measurements; exact analysis denominator not independently explicit.,Full text inspected; see supplementary_access for narrower supplement coverage.,"[{""url"": ""https://acrjournals.onlinelibrary.wiley.com/doi/suppl/10.1002/art.42852/supinfo/art42852-sup-0002-supinfo.docx"", ""access"": ""inaccessible: web internal error; direct HTTP403""}]",Pivotal numerical inputs internally cross-checked; not every field independently re-extracted. No external review.,Not verified,0.54,,,
SURPASS,10.1002/art.42852,https://acrjournals.onlinelibrary.wiley.com/doi/full/10.1002/art.42852,SEC300_le05,SEC300,"Adults with active radiographic axSpA, biologic-naive; hsCRP >=5 mg/L and/or syndesmophyte; excludes total ankylosis.",104,mSASSS change <=0.5,composite spinal mSASSS nonprogression,66.9,,not reported for this rate in inspected table/text,,reported multiply-imputed percentage,"multiple imputation; treatment-policy estimand, retrieved dropout data",Table2,Table2 n is baseline measurements; exact analysis denominator not independently explicit.,Full text inspected; see supplementary_access for narrower supplement coverage.,"[{""url"": ""https://acrjournals.onlinelibrary.wiley.com/doi/suppl/10.1002/art.42852/supinfo/art42852-sup-0002-supinfo.docx"", ""access"": ""inaccessible: web internal error; direct HTTP403""}]",Pivotal numerical inputs internally cross-checked; not every field independently re-extracted. No external review.,Not verified,,,,
SURPASS,10.1002/art.42852,https://acrjournals.onlinelibrary.wiley.com/doi/full/10.1002/art.42852,SEC300_le05_adjusted,SEC300,"Adults with active radiographic axSpA, biologic-naive; hsCRP >=5 mg/L and/or syndesmophyte; excludes total ankylosis.",104,mSASSS change <=0.5,composite spinal mSASSS nonprogression,66.8,"{""type"": ""95% CI"", ""lower"": 60.5, ""upper"": 73.1}",,,logistic-regression marginal standardized estimated percentage,multiple imputation,Table2,Table2 n is baseline measurements; exact analysis denominator not independently explicit.,Full text inspected; see supplementary_access for narrower supplement coverage.,"[{""url"": ""https://acrjournals.onlinelibrary.wiley.com/doi/suppl/10.1002/art.42852/supinfo/art42852-sup-0002-supinfo.docx"", ""access"": ""inaccessible: web internal error; direct HTTP403""}]",Pivotal numerical inputs internally cross-checked; not every field independently re-extracted. No external review.,Not verified,,,,
SURPASS,10.1002/art.42852,https://acrjournals.onlinelibrary.wiley.com/doi/full/10.1002/art.42852,SEC300_lt2,SEC300,"Adults with active radiographic axSpA, biologic-naive; hsCRP >=5 mg/L and/or syndesmophyte; excludes total ankylosis.",104,mSASSS change <2,composite spinal mSASSS nonprogression,82.9,,not reported for this rate in inspected table/text,,reported sensitivity percentage; exact estimator not specified,not explicitly specified for sensitivity result,Results: primary endpoint sensitivity paragraph,not explicitly supplied for this estimate in inspected material,Full text inspected; see supplementary_access for narrower supplement coverage.,"[{""url"": ""https://acrjournals.onlinelibrary.wiley.com/doi/suppl/10.1002/art.42852/supinfo/art42852-sup-0002-supinfo.docx"", ""access"": ""inaccessible: web internal error; direct HTTP403""}]",Pivotal numerical inputs internally cross-checked; not every field independently re-extracted. No external review.,Not verified,,,,
SURPASS,10.1002/art.42852,https://acrjournals.onlinelibrary.wiley.com/doi/full/10.1002/art.42852,SEC300_mean,SEC300,"Adults with active radiographic axSpA, biologic-naive; hsCRP >=5 mg/L and/or syndesmophyte; excludes total ankylosis.",104,continuous change,composite spinal mSASSS change,,"{""type"": ""SE"", ""value"": 0.18}",,,ANCOVA LS mean,multiple imputation,Table2,Table2 n is baseline measurements; exact analysis denominator not independently explicit.,Full text inspected; see supplementary_access for narrower supplement coverage.,"[{""url"": ""https://acrjournals.onlinelibrary.wiley.com/doi/suppl/10.1002/art.42852/supinfo/art42852-sup-0002-supinfo.docx"", ""access"": ""inaccessible: web internal error; direct HTTP403""}]",Pivotal numerical inputs internally cross-checked; not every field independently re-extracted. No external review.,Not verified,0.55,,,
SURPASS,10.1002/art.42852,https://acrjournals.onlinelibrary.wiley.com/doi/full/10.1002/art.42852,SDZ_ADL40_le05,SDZ_ADL40,"Adults with active radiographic axSpA, biologic-naive; hsCRP >=5 mg/L and/or syndesmophyte; excludes total ankylosis.",104,mSASSS change <=0.5,composite spinal mSASSS nonprogression,65.6,,not reported for this rate in inspected table/text,,reported multiply-imputed percentage,"multiple imputation; treatment-policy estimand, retrieved dropout data",Table2,Table2 n is baseline measurements; exact analysis denominator not independently explicit.,Full text inspected; see supplementary_access for narrower supplement coverage.,"[{""url"": ""https://acrjournals.onlinelibrary.wiley.com/doi/suppl/10.1002/art.42852/supinfo/art42852-sup-0002-supinfo.docx"", ""access"": ""inaccessible: web internal error; direct HTTP403""}]",Pivotal numerical inputs internally cross-checked; not every field independently re-extracted. No external review.,Not verified,,,,
SURPASS,10.1002/art.42852,https://acrjournals.onlinelibrary.wiley.com/doi/full/10.1002/art.42852,SDZ_ADL40_le05_adjusted,SDZ_ADL40,"Adults with active radiographic axSpA, biologic-naive; hsCRP >=5 mg/L and/or syndesmophyte; excludes total ankylosis.",104,mSASSS change <=0.5,composite spinal mSASSS nonprogression,65.1,"{""type"": ""95% CI"", ""lower"": 58.8, ""upper"": 71.5}",,,logistic-regression marginal standardized estimated percentage,multiple imputation,Table2,Table2 n is baseline measurements; exact analysis denominator not independently explicit.,Full text inspected; see supplementary_access for narrower supplement coverage.,"[{""url"": ""https://acrjournals.onlinelibrary.wiley.com/doi/suppl/10.1002/art.42852/supinfo/art42852-sup-0002-supinfo.docx"", ""access"": ""inaccessible: web internal error; direct HTTP403""}]",Pivotal numerical inputs internally cross-checked; not every field independently re-extracted. No external review.,Not verified,,,,
SURPASS,10.1002/art.42852,https://acrjournals.onlinelibrary.wiley.com/doi/full/10.1002/art.42852,SDZ_ADL40_lt2,SDZ_ADL40,"Adults with active radiographic axSpA, biologic-naive; hsCRP >=5 mg/L and/or syndesmophyte; excludes total ankylosis.",104,mSASSS change <2,composite spinal mSASSS nonprogression,82.3,,not reported for this rate in inspected table/text,,reported sensitivity percentage; exact estimator not specified,not explicitly specified for sensitivity result,Results: primary endpoint sensitivity paragraph,not explicitly supplied for this estimate in inspected material,Full text inspected; see supplementary_access for narrower supplement coverage.,"[{""url"": ""https://acrjournals.onlinelibrary.wiley.com/doi/suppl/10.1002/art.42852/supinfo/art42852-sup-0002-supinfo.docx"", ""access"": ""inaccessible: web internal error; direct HTTP403""}]",Pivotal numerical inputs internally cross-checked; not every field independently re-extracted. No external review.,Not verified,,,,
SURPASS,10.1002/art.42852,https://acrjournals.onlinelibrary.wiley.com/doi/full/10.1002/art.42852,SDZ_ADL40_mean,SDZ_ADL40,"Adults with active radiographic axSpA, biologic-naive; hsCRP >=5 mg/L and/or syndesmophyte; excludes total ankylosis.",104,continuous change,composite spinal mSASSS change,,"{""type"": ""SE"", ""value"": 0.18}",,,ANCOVA LS mean,multiple imputation,Table2,Table2 n is baseline measurements; exact analysis denominator not independently explicit.,Full text inspected; see supplementary_access for narrower supplement coverage.,"[{""url"": ""https://acrjournals.onlinelibrary.wiley.com/doi/suppl/10.1002/art.42852/supinfo/art42852-sup-0002-supinfo.docx"", ""access"": ""inaccessible: web internal error; direct HTTP403""}]",Pivotal numerical inputs internally cross-checked; not every field independently re-extracted. No external review.,Not verified,0.72,,,
RAPID-axSpA,10.1136/annrheumdis-2017-212377,https://pmc.ncbi.nlm.nih.gov/articles/PMC5909752/,RAPID_AS_lt2,CZP pooled including switchers,AS,96,mSASSS increase <2 (complement of progression >=2),composite spinal mSASSS nonprogression,84.2,,not reported for this rate in inspected table/text,112,multiple-imputation estimated percentage,50 imputations; predictive mean matching; MAR; three week12 substitutions in overall Xray set,Results radiographic progression; Supplement Table3,,Full text inspected; see supplementary_access for narrower supplement coverage.,"[{""url"": ""https://www.ebi.ac.uk/europepmc/webservices/rest/PMC5909752/supplementaryFiles"", ""access"": ""retrieved ZIP; docx tables inspected as XML text""}]",Pivotal numerical inputs internally cross-checked; not every field independently re-extracted. No external review.,Not verified,,,,
RAPID-axSpA,10.1136/annrheumdis-2017-212377,https://pmc.ncbi.nlm.nih.gov/articles/PMC5909752/,RAPID_AS_mean,CZP pooled including switchers,AS,96,continuous change,composite spinal mSASSS change,,"{""type"": ""95% CI"", ""lower"": 0.21, ""upper"": 1.13}",,112,MMRM LS mean,MAR; observed-data MMRM; overall-set baseline substitution,Abstract Results; Methods statistical analysis,,Full text inspected; see supplementary_access for narrower supplement coverage.,"[{""url"": ""https://www.ebi.ac.uk/europepmc/webservices/rest/PMC5909752/supplementaryFiles"", ""access"": ""retrieved ZIP; docx tables inspected as XML text""}]",Pivotal numerical inputs internally cross-checked; not every field independently re-extracted. No external review.,Not verified,0.67,,,
RAPID-axSpA,10.1136/annrheumdis-2017-212377,https://pmc.ncbi.nlm.nih.gov/articles/PMC5909752/,RAPID_nr-axSpA_mean,CZP pooled including switchers,nr-axSpA,96,continuous change,composite spinal mSASSS change,,"{""type"": ""95% CI"", ""lower"": -0.19, ""upper"": 0.17}",,,MMRM LS mean,MAR; observed-data MMRM; overall-set baseline substitution,Abstract Results; Methods statistical analysis,not explicitly supplied for this estimate in inspected material,Full text inspected; see supplementary_access for narrower supplement coverage.,"[{""url"": ""https://www.ebi.ac.uk/europepmc/webservices/rest/PMC5909752/supplementaryFiles"", ""access"": ""retrieved ZIP; docx tables inspected as XML text""}]",Pivotal numerical inputs internally cross-checked; not every field independently re-extracted. No external review.,Not verified,-0.01,,,
RAPID-axSpA,10.1136/annrheumdis-2017-212377,https://pmc.ncbi.nlm.nih.gov/articles/PMC5909752/,RAPID_AS_new,CZP pooled including switchers,AS,96,one or more new syndesmophytes: edge 0/1 to2/3 agreed by both readers,new lesion,5.9,,not reported for this rate in inspected table/text,85,observed percentage,not applicable: observed imaging,Results radiographic progression,,Full text inspected; see supplementary_access for narrower supplement coverage.,"[{""url"": ""https://www.ebi.ac.uk/europepmc/webservices/rest/PMC5909752/supplementaryFiles"", ""access"": ""retrieved ZIP; docx tables inspected as XML text""}]",Pivotal numerical inputs internally cross-checked; not every field independently re-extracted. No external review.,Not verified,,5,,
MEASURE-1,10.1093/rheumatology/key375,https://doi.org/10.1186/s13075-019-1911-1,MEASURE_comp_le0,SEC75/150 pooled original randomization,MEASURE1 companion Primary Analysis Set,104,mSASSS change <=0,composite spinal mSASSS nonprogression,60.7,,not reported for this rate in inspected table/text,168,reported table percentage; logistic regression used for cohort comparison,paired available films; no imputation described,Companion DOI10.1186/s13075-019-1911-1 Table2 primary set,,Full text inspected; see supplementary_access for narrower supplement coverage.,"[{""url"": ""https://www.ebi.ac.uk/europepmc/webservices/rest/PMC6477523/supplementaryFiles"", ""access"": ""retrieved ZIP; extension docx extracted to text, not fully inspected""}, {""url"": ""https://pmc.ncbi.nlm.nih.gov/articles/PMC6555995/#MOESM1"", ""access"": ""companion supplement not inspected""}]",Pivotal numerical inputs internally cross-checked; not every field independently re-extracted. No external review.,Not verified,,,10.1186/s13075-019-1911-1,
MEASURE-1,10.1093/rheumatology/key375,https://doi.org/10.1186/s13075-019-1911-1,MEASURE_comp_le05,SEC75/150 pooled original randomization,MEASURE1 companion Primary Analysis Set,104,mSASSS change <=0.5,composite spinal mSASSS nonprogression,68.5,,not reported for this rate in inspected table/text,168,reported table percentage; logistic regression used for cohort comparison,paired available films; no imputation described,Companion DOI10.1186/s13075-019-1911-1 Table2 primary set,,Full text inspected; see supplementary_access for narrower supplement coverage.,"[{""url"": ""https://www.ebi.ac.uk/europepmc/webservices/rest/PMC6477523/supplementaryFiles"", ""access"": ""retrieved ZIP; extension docx extracted to text, not fully inspected""}, {""url"": ""https://pmc.ncbi.nlm.nih.gov/articles/PMC6555995/#MOESM1"", ""access"": ""companion supplement not inspected""}]",Pivotal numerical inputs internally cross-checked; not every field independently re-extracted. No external review.,Not verified,,,10.1186/s13075-019-1911-1,
MEASURE-1,10.1093/rheumatology/key375,https://doi.org/10.1186/s13075-019-1911-1,MEASURE_comp_le1,SEC75/150 pooled original randomization,MEASURE1 companion Primary Analysis Set,104,mSASSS change <=1,composite spinal mSASSS nonprogression,78,,not reported for this rate in inspected table/text,168,reported table percentage; logistic regression used for cohort comparison,paired available films; no imputation described,Companion DOI10.1186/s13075-019-1911-1 Table2 primary set,,Full text inspected; see supplementary_access for narrower supplement coverage.,"[{""url"": ""https://www.ebi.ac.uk/europepmc/webservices/rest/PMC6477523/supplementaryFiles"", ""access"": ""retrieved ZIP; extension docx extracted to text, not fully inspected""}, {""url"": ""https://pmc.ncbi.nlm.nih.gov/articles/PMC6555995/#MOESM1"", ""access"": ""companion supplement not inspected""}]",Pivotal numerical inputs internally cross-checked; not every field independently re-extracted. No external review.,Not verified,,,10.1186/s13075-019-1911-1,
MEASURE-1,10.1093/rheumatology/key375,https://doi.org/10.1186/s13075-019-1911-1,MEASURE_comp_le2,SEC75/150 pooled original randomization,MEASURE1 companion Primary Analysis Set,104,mSASSS change <=2,composite spinal mSASSS nonprogression,82.1,,not reported for this rate in inspected table/text,168,reported table percentage; logistic regression used for cohort comparison,paired available films; no imputation described,Companion DOI10.1186/s13075-019-1911-1 Table2 primary set,,Full text inspected; see supplementary_access for narrower supplement coverage.,"[{""url"": ""https://www.ebi.ac.uk/europepmc/webservices/rest/PMC6477523/supplementaryFiles"", ""access"": ""retrieved ZIP; extension docx extracted to text, not fully inspected""}, {""url"": ""https://pmc.ncbi.nlm.nih.gov/articles/PMC6555995/#MOESM1"", ""access"": ""companion supplement not inspected""}]",Pivotal numerical inputs internally cross-checked; not every field independently re-extracted. No external review.,Not verified,,,10.1186/s13075-019-1911-1,
ENRADAS,10.1186/s13075-019-1911-1,https://doi.org/10.1186/s13075-019-1911-1,ENRADAS_le0,Continuous/on-demand NSAID pooled,ENRADAS historical Primary Analysis Set,104,mSASSS change <=0,composite spinal mSASSS nonprogression,52.2,,not reported for this rate in inspected table/text,69,reported table percentage; logistic regression used for cohort comparison,paired available films; no imputation described,Companion DOI10.1186/s13075-019-1911-1 Table2 primary set,,Full text inspected; see supplementary_access for narrower supplement coverage.,"[{""url"": ""https://pmc.ncbi.nlm.nih.gov/articles/PMC6555995/#MOESM1"", ""access"": ""not inspected""}]",Pivotal numerical inputs internally cross-checked; not every field independently re-extracted. No external review.,Not verified,,,10.1186/s13075-019-1911-1,
ENRADAS,10.1186/s13075-019-1911-1,https://doi.org/10.1186/s13075-019-1911-1,ENRADAS_le05,Continuous/on-demand NSAID pooled,ENRADAS historical Primary Analysis Set,104,mSASSS change <=0.5,composite spinal mSASSS nonprogression,62.3,,not reported for this rate in inspected table/text,69,reported table percentage; logistic regression used for cohort comparison,paired available films; no imputation described,Companion DOI10.1186/s13075-019-1911-1 Table2 primary set,,Full text inspected; see supplementary_access for narrower supplement coverage.,"[{""url"": ""https://pmc.ncbi.nlm.nih.gov/articles/PMC6555995/#MOESM1"", ""access"": ""not inspected""}]",Pivotal numerical inputs internally cross-checked; not every field independently re-extracted. No external review.,Not verified,,,10.1186/s13075-019-1911-1,
ENRADAS,10.1186/s13075-019-1911-1,https://doi.org/10.1186/s13075-019-1911-1,ENRADAS_le1,Continuous/on-demand NSAID pooled,ENRADAS historical Primary Analysis Set,104,mSASSS change <=1,composite spinal mSASSS nonprogression,69.6,,not reported for this rate in inspected table/text,69,reported table percentage; logistic regression used for cohort comparison,paired available films; no imputation described,Companion DOI10.1186/s13075-019-1911-1 Table2 primary set,,Full text inspected; see supplementary_access for narrower supplement coverage.,"[{""url"": ""https://pmc.ncbi.nlm.nih.gov/articles/PMC6555995/#MOESM1"", ""access"": ""not inspected""}]",Pivotal numerical inputs internally cross-checked; not every field independently re-extracted. No external review.,Not verified,,,10.1186/s13075-019-1911-1,
ENRADAS,10.1186/s13075-019-1911-1,https://doi.org/10.1186/s13075-019-1911-1,ENRADAS_le2,Continuous/on-demand NSAID pooled,ENRADAS historical Primary Analysis Set,104,mSASSS change <=2,composite spinal mSASSS nonprogression,72.5,,not reported for this rate in inspected table/text,69,reported table percentage; logistic regression used for cohort comparison,paired available films; no imputation described,Companion DOI10.1186/s13075-019-1911-1 Table2 primary set,,Full text inspected; see supplementary_access for narrower supplement coverage.,"[{""url"": ""https://pmc.ncbi.nlm.nih.gov/articles/PMC6555995/#MOESM1"", ""access"": ""not inspected""}]",Pivotal numerical inputs internally cross-checked; not every field independently re-extracted. No external review.,Not verified,,,10.1186/s13075-019-1911-1,
PREVENT,10.1186/s13075-023-03051-5,https://pmc.ncbi.nlm.nih.gov/articles/PMC10186767/,PREVENT_secukinumab_pooled_SDC,secukinumab_pooled,PREVENT imaging-evaluable population,104,change in total mSASSS <= SDC (0.76),composite_mSASSS_nonprogression,97.5,,not reported for this estimate in inspected location,280,reported_observed,observed available radiographs; no outcome imputation,"Results: Spinal radiographic progression, paragraph2",,Full text inspected; see supplementary_access for narrower supplement coverage.,"[{""url"": ""https://www.ebi.ac.uk/europepmc/webservices/rest/PMC10186767/supplementaryFiles"", ""access"": ""ZIP retrieved; relevant supplementary text inspected""}]",Pivotal numerical inputs internally cross-checked; not every field independently re-extracted. No external review.,Not verified,,273,,
PREVENT,10.1186/s13075-023-03051-5,https://pmc.ncbi.nlm.nih.gov/articles/PMC10186767/,PREVENT_secukinumab_pooled_GT2,secukinumab_pooled,PREVENT imaging-evaluable population,104,increase in mSASSS >2,composite_mSASSS_progression,1.1,,not reported for this estimate in inspected location,280,reported_observed,observed available radiographs; no outcome imputation,"Results: Spinal radiographic progression, paragraph2",,Full text inspected; see supplementary_access for narrower supplement coverage.,"[{""url"": ""https://www.ebi.ac.uk/europepmc/webservices/rest/PMC10186767/supplementaryFiles"", ""access"": ""ZIP retrieved; relevant supplementary text inspected""}]",Pivotal numerical inputs internally cross-checked; not every field independently re-extracted. No external review.,Not verified,,3,,
PREVENT,10.1186/s13075-023-03051-5,https://pmc.ncbi.nlm.nih.gov/articles/PMC10186767/,PREVENT_secukinumab_pooled_mean,secukinumab_pooled,PREVENT imaging-evaluable population,104,continuous change from baseline,composite_mSASSS_change,,"{""SD"": 0.47}",,280,reported_observed,observed available radiographs; no outcome imputation,"Results: Spinal radiographic progression, paragraph1",,Full text inspected; see supplementary_access for narrower supplement coverage.,"[{""url"": ""https://www.ebi.ac.uk/europepmc/webservices/rest/PMC10186767/supplementaryFiles"", ""access"": ""ZIP retrieved; relevant supplementary text inspected""}]",Pivotal numerical inputs internally cross-checked; not every field independently re-extracted. No external review.,Not verified,0.04,,,
PREVENT,10.1186/s13075-023-03051-5,https://pmc.ncbi.nlm.nih.gov/articles/PMC10186767/,PREVENT_placebo_secukinumab_SDC,placebo_secukinumab,PREVENT imaging-evaluable population,104,change in total mSASSS <= SDC (0.76),composite_mSASSS_nonprogression,97.1,,not reported for this estimate in inspected location,136,reported_observed,observed available radiographs; no outcome imputation,"Results: Spinal radiographic progression, paragraph2",,Full text inspected; see supplementary_access for narrower supplement coverage.,"[{""url"": ""https://www.ebi.ac.uk/europepmc/webservices/rest/PMC10186767/supplementaryFiles"", ""access"": ""ZIP retrieved; relevant supplementary text inspected""}]",Pivotal numerical inputs internally cross-checked; not every field independently re-extracted. No external review.,Not verified,,132,,
PREVENT,10.1186/s13075-023-03051-5,https://pmc.ncbi.nlm.nih.gov/articles/PMC10186767/,PREVENT_placebo_secukinumab_GT2,placebo_secukinumab,PREVENT imaging-evaluable population,104,increase in mSASSS >2,composite_mSASSS_progression,0.7,,not reported for this estimate in inspected location,136,reported_observed,observed available radiographs; no outcome imputation,"Results: Spinal radiographic progression, paragraph2",,Full text inspected; see supplementary_access for narrower supplement coverage.,"[{""url"": ""https://www.ebi.ac.uk/europepmc/webservices/rest/PMC10186767/supplementaryFiles"", ""access"": ""ZIP retrieved; relevant supplementary text inspected""}]",Pivotal numerical inputs internally cross-checked; not every field independently re-extracted. No external review.,Not verified,,1,,
PREVENT,10.1186/s13075-023-03051-5,https://pmc.ncbi.nlm.nih.gov/articles/PMC10186767/,PREVENT_placebo_secukinumab_mean,placebo_secukinumab,PREVENT imaging-evaluable population,104,continuous change from baseline,composite_mSASSS_change,,"{""SD"": 0.36}",,136,reported_observed,observed available radiographs; no outcome imputation,"Results: Spinal radiographic progression, paragraph1",,Full text inspected; see supplementary_access for narrower supplement coverage.,"[{""url"": ""https://www.ebi.ac.uk/europepmc/webservices/rest/PMC10186767/supplementaryFiles"", ""access"": ""ZIP retrieved; relevant supplementary text inspected""}]",Pivotal numerical inputs internally cross-checked; not every field independently re-extracted. No external review.,Not verified,0.07,,,
SELECT-AXIS-1,10.1136/rmdopen-2022-002280,https://pmc.ncbi.nlm.nih.gov/articles/PMC9335045/,SELECT1_total_LT2,pooled sequences,SELECT-AXIS-1 imaging-evaluable population,104,change in mSASSS <2,composite_mSASSS_nonprogression,89.7,,not reported for this estimate in inspected location,136,reported_observed,observed available radiographs; no outcome imputation,Results: Imaging outcomes last sentence,,Full text inspected; see supplementary_access for narrower supplement coverage.,"[{""url"": ""https://www.ebi.ac.uk/europepmc/webservices/rest/PMC9335045/supplementaryFiles"", ""access"": ""ZIP retrieved; relevant supplementary text inspected""}]",Pivotal numerical inputs internally cross-checked; not every field independently re-extracted. No external review.,Not verified,,,,Table1 paired total cohort; not independently printed alongside rate
SELECT-AXIS-1,10.1136/rmdopen-2022-002280,https://pmc.ncbi.nlm.nih.gov/articles/PMC9335045/,SELECT1_total_LE0,pooled sequences,SELECT-AXIS-1 imaging-evaluable population,104,change in mSASSS <=0,composite_mSASSS_nonprogression,76.5,,not reported for this estimate in inspected location,136,reported_observed,observed available radiographs; no outcome imputation,Results: Imaging outcomes last sentence,,Full text inspected; see supplementary_access for narrower supplement coverage.,"[{""url"": ""https://www.ebi.ac.uk/europepmc/webservices/rest/PMC9335045/supplementaryFiles"", ""access"": ""ZIP retrieved; relevant supplementary text inspected""}]",Pivotal numerical inputs internally cross-checked; not every field independently re-extracted. No external review.,Not verified,,,,Table1 paired total cohort; not independently printed alongside rate
SELECT-AXIS-1,10.1136/rmdopen-2022-002280,https://pmc.ncbi.nlm.nih.gov/articles/PMC9335045/,SELECT1_continuous_upadacitinib_mean,continuous_upadacitinib,SELECT-AXIS-1 imaging-evaluable population,104,continuous change from baseline,composite_mSASSS_change,,"{""CI95"": [0.1, 1.1], ""method"": ""t-distribution""}",,69,reported_observed,observed available radiographs; no outcome imputation,Table1 mean row,,Full text inspected; see supplementary_access for narrower supplement coverage.,"[{""url"": ""https://www.ebi.ac.uk/europepmc/webservices/rest/PMC9335045/supplementaryFiles"", ""access"": ""ZIP retrieved; relevant supplementary text inspected""}]",Pivotal numerical inputs internally cross-checked; not every field independently re-extracted. No external review.,Not verified,0.6,,,
SELECT-AXIS-1,10.1136/rmdopen-2022-002280,https://pmc.ncbi.nlm.nih.gov/articles/PMC9335045/,SELECT1_continuous_upadacitinib_LSmean,continuous_upadacitinib,SELECT-AXIS-1 imaging-evaluable population,104,continuous change from baseline,composite_mSASSS_change,,"{""CI95"": [0, 1.2], ""method"": ""t-distribution""}",,69,ANCOVA_LSmean,observed available radiographs; no outcome imputation,Table1 LS mean row,,Full text inspected; see supplementary_access for narrower supplement coverage.,"[{""url"": ""https://www.ebi.ac.uk/europepmc/webservices/rest/PMC9335045/supplementaryFiles"", ""access"": ""ZIP retrieved; relevant supplementary text inspected""}]",Pivotal numerical inputs internally cross-checked; not every field independently re-extracted. No external review.,Not verified,0.6,,,
SELECT-AXIS-1,10.1136/rmdopen-2022-002280,https://pmc.ncbi.nlm.nih.gov/articles/PMC9335045/,SELECT1_placebo_upadacitinib_mean,placebo_upadacitinib,SELECT-AXIS-1 imaging-evaluable population,104,continuous change from baseline,composite_mSASSS_change,,"{""CI95"": [0.2, 1.4], ""method"": ""t-distribution""}",,67,reported_observed,observed available radiographs; no outcome imputation,Table1 mean row,,Full text inspected; see supplementary_access for narrower supplement coverage.,"[{""url"": ""https://www.ebi.ac.uk/europepmc/webservices/rest/PMC9335045/supplementaryFiles"", ""access"": ""ZIP retrieved; relevant supplementary text inspected""}]",Pivotal numerical inputs internally cross-checked; not every field independently re-extracted. No external review.,Not verified,0.8,,,
SELECT-AXIS-1,10.1136/rmdopen-2022-002280,https://pmc.ncbi.nlm.nih.gov/articles/PMC9335045/,SELECT1_placebo_upadacitinib_LSmean,placebo_upadacitinib,SELECT-AXIS-1 imaging-evaluable population,104,continuous change from baseline,composite_mSASSS_change,,"{""CI95"": [0.3, 1.5], ""method"": ""t-distribution""}",,67,ANCOVA_LSmean,observed available radiographs; no outcome imputation,Table1 LS mean row,,Full text inspected; see supplementary_access for narrower supplement coverage.,"[{""url"": ""https://www.ebi.ac.uk/europepmc/webservices/rest/PMC9335045/supplementaryFiles"", ""access"": ""ZIP retrieved; relevant supplementary text inspected""}]",Pivotal numerical inputs internally cross-checked; not every field independently re-extracted. No external review.,Not verified,0.9,,,
SELECT-AXIS-1,10.1136/rmdopen-2022-002280,https://pmc.ncbi.nlm.nih.gov/articles/PMC9335045/,SELECT1_pooled sequences_mean,pooled sequences,SELECT-AXIS-1 imaging-evaluable population,104,continuous change from baseline,composite_mSASSS_change,,"{""CI95"": [0.3, 1.1], ""method"": ""t-distribution""}",,136,reported_observed,observed available radiographs; no outcome imputation,Table1 mean row,,Full text inspected; see supplementary_access for narrower supplement coverage.,"[{""url"": ""https://www.ebi.ac.uk/europepmc/webservices/rest/PMC9335045/supplementaryFiles"", ""access"": ""ZIP retrieved; relevant supplementary text inspected""}]",Pivotal numerical inputs internally cross-checked; not every field independently re-extracted. No external review.,Not verified,0.7,,,
SELECT-AXIS-1,10.1136/rmdopen-2022-002280,https://pmc.ncbi.nlm.nih.gov/articles/PMC9335045/,SELECT1_pooled sequences_LSmean,pooled sequences,SELECT-AXIS-1 imaging-evaluable population,104,continuous change from baseline,composite_mSASSS_change,,"{""CI95"": [0.3, 1.2], ""method"": ""t-distribution""}",,136,ANCOVA_LSmean,observed available radiographs; no outcome imputation,Table1 LS mean row,,Full text inspected; see supplementary_access for narrower supplement coverage.,"[{""url"": ""https://www.ebi.ac.uk/europepmc/webservices/rest/PMC9335045/supplementaryFiles"", ""access"": ""ZIP retrieved; relevant supplementary text inspected""}]",Pivotal numerical inputs internally cross-checked; not every field independently re-extracted. No external review.,Not verified,0.7,,,
SELECT-AXIS-2,10.1186/s13075-024-03412-8,https://pmc.ncbi.nlm.nih.gov/articles/PMC11556075/,SELECT2_continuous_upadacitinib_LT2,continuous_upadacitinib,SELECT-AXIS-2 imaging-evaluable population,104,change in mSASSS <2,composite_mSASSS_nonprogression,94.9,,not reported for this estimate in inspected location,158,reported_observed,observed available radiographs; no outcome imputation,"Supplement TableS1 row no radiographic progression, footnotes c/b",,Full text inspected; see supplementary_access for narrower supplement coverage.,"[{""url"": ""https://www.ebi.ac.uk/europepmc/webservices/rest/PMC11556075/supplementaryFiles"", ""access"": ""ZIP retrieved; relevant supplementary text inspected""}]",Pivotal numerical inputs internally cross-checked; not every field independently re-extracted. No external review.,Not verified,,,,
SELECT-AXIS-2,10.1186/s13075-024-03412-8,https://pmc.ncbi.nlm.nih.gov/articles/PMC11556075/,SELECT2_continuous_upadacitinib_LSmean,continuous_upadacitinib,SELECT-AXIS-2 imaging-evaluable population,104,continuous change from baseline,composite_mSASSS_change,,,not reported for this estimate in inspected location,158,AO_ANCOVA_LSmean,observed available radiographs; no outcome imputation,Main Figure4 graphic; text rounds to0.1/0.2,,Full text inspected; see supplementary_access for narrower supplement coverage.,"[{""url"": ""https://www.ebi.ac.uk/europepmc/webservices/rest/PMC11556075/supplementaryFiles"", ""access"": ""ZIP retrieved; relevant supplementary text inspected""}]",Pivotal numerical inputs internally cross-checked; not every field independently re-extracted. No external review.,Not verified,0.12,,,
SELECT-AXIS-2,10.1186/s13075-024-03412-8,https://pmc.ncbi.nlm.nih.gov/articles/PMC11556075/,SELECT2_placebo_upadacitinib_LT2,placebo_upadacitinib,SELECT-AXIS-2 imaging-evaluable population,104,change in mSASSS <2,composite_mSASSS_nonprogression,93.8,,not reported for this estimate in inspected location,162,reported_observed,observed available radiographs; no outcome imputation,"Supplement TableS1 row no radiographic progression, footnotes c/b",,Full text inspected; see supplementary_access for narrower supplement coverage.,"[{""url"": ""https://www.ebi.ac.uk/europepmc/webservices/rest/PMC11556075/supplementaryFiles"", ""access"": ""ZIP retrieved; relevant supplementary text inspected""}]",Pivotal numerical inputs internally cross-checked; not every field independently re-extracted. No external review.,Not verified,,,,
SELECT-AXIS-2,10.1186/s13075-024-03412-8,https://pmc.ncbi.nlm.nih.gov/articles/PMC11556075/,SELECT2_placebo_upadacitinib_LSmean,placebo_upadacitinib,SELECT-AXIS-2 imaging-evaluable population,104,continuous change from baseline,composite_mSASSS_change,,,not reported for this estimate in inspected location,162,AO_ANCOVA_LSmean,observed available radiographs; no outcome imputation,Main Figure4 graphic; text rounds to0.1/0.2,,Full text inspected; see supplementary_access for narrower supplement coverage.,"[{""url"": ""https://www.ebi.ac.uk/europepmc/webservices/rest/PMC11556075/supplementaryFiles"", ""access"": ""ZIP retrieved; relevant supplementary text inspected""}]",Pivotal numerical inputs internally cross-checked; not every field independently re-extracted. No external review.,Not verified,0.2,,,
CONSUL,10.1136/ard-2023-224699,https://pmc.ncbi.nlm.nih.gov/articles/PMC11041582/,CONSUL_GOL_CEL_mean,GOL_CEL,"Adults with r-axSpA, high progression risk; randomized after sufficient response to12-week golimumab run-in.",108,continuous change,composite_mSASSS,,"{""type"": ""95%CI"", ""lower"": 0.4, ""upper"": 1.8}",,54,ITT multiple-imputation mean,"<=8missing corners: other-timepoint score or0if both missing; otherwise20multiple imputations, separately by arm and reader; imputation uses baseline score,time lag,CRP.",Main analysis; Figure3A; Methods Statistical analysis,,Full text inspected; see supplementary_access for narrower supplement coverage.,"[{""url"": ""https://www.ebi.ac.uk/europepmc/webservices/rest/PMC11041582/supplementaryFiles"", ""access"": ""retrieval_timeout""}]",Pivotal numerical inputs internally cross-checked; not every field independently re-extracted. No external review.,Not verified,1.1,,,
CONSUL,10.1136/ard-2023-224699,https://pmc.ncbi.nlm.nih.gov/articles/PMC11041582/,CONSUL_GOL_mean,GOL,"Adults with r-axSpA, high progression risk; randomized after sufficient response to12-week golimumab run-in.",108,continuous change,composite_mSASSS,,"{""type"": ""95%CI"", ""lower"": 0.8, ""upper"": 2.6}",,55,ITT multiple-imputation mean,"<=8missing corners: other-timepoint score or0if both missing; otherwise20multiple imputations, separately by arm and reader; imputation uses baseline score,time lag,CRP.",Main analysis; Figure3A; Methods Statistical analysis,,Full text inspected; see supplementary_access for narrower supplement coverage.,"[{""url"": ""https://www.ebi.ac.uk/europepmc/webservices/rest/PMC11041582/supplementaryFiles"", ""access"": ""retrieval_timeout""}]",Pivotal numerical inputs internally cross-checked; not every field independently re-extracted. No external review.,Not verified,1.7,,,
ASSERT,10.1136/rmdopen-2020-001391,https://pmc.ncbi.nlm.nih.gov/articles/PMC7856152/,ASSERT_both,Pooled parent treatment histories,Trial-derived r-axSpA subset with baseline DXA and baseline/two-year spinal radiographs; analysis restricted to L1–L4.,102,Corner grade0/1 to2/3; both readers agree,new_syndesmophyte_patient_indicator,5,,Not reported for descriptive patient rate,165,Observed rounded patient percentage,Included baseline DXA and paired radiographs; excludes vertebrae with fracture or baseline syndesmophytes; no whole-outcome imputation described.,Methods Outcome definition; Results Incidence of new syndesmophyte formation,,Full text inspected; see supplementary_access for narrower supplement coverage.,[],Pivotal numerical inputs internally cross-checked; not every field independently re-extracted. No external review.,Not verified,,9,,
ASSERT,10.1136/rmdopen-2020-001391,https://pmc.ncbi.nlm.nih.gov/articles/PMC7856152/,ASSERT_either,Pooled parent treatment histories,Trial-derived r-axSpA subset with baseline DXA and baseline/two-year spinal radiographs; analysis restricted to L1–L4.,102,Corner grade0/1 to2/3; at least one reader,new_syndesmophyte_patient_indicator,18,,Not reported for descriptive patient rate,165,Observed rounded patient percentage,Included baseline DXA and paired radiographs; excludes vertebrae with fracture or baseline syndesmophytes; no whole-outcome imputation described.,Methods Outcome definition; Results Incidence of new syndesmophyte formation,,Full text inspected; see supplementary_access for narrower supplement coverage.,[],Pivotal numerical inputs internally cross-checked; not every field independently re-extracted. No external review.,Not verified,,30,,
